Workbook

Sheet 월간요약
A2: 한 달 생활비 정리
A3: 지출내역 시트에 입력한 내용을 함수로 집계한 9월 생활비 현황입니다.
A5: 예산 설정 | B5: 금액 | D5: 분류 | E5: 지출 합계 | F5: 비중 | G5: 건수
A6: 이번 달 지출 예산 | B6: 1500000 | D6: 주거 | E6: =SUMIFS(지출내역!$E$5:$E$104,지출내역!$B$5:$B$104,D6) -> 550000 | F6: =IF($B$10=0,0,E6/$B$10) -> 0.35978282 | G6: =COUNTIFS(지출내역!$B$5:$B$104,D6,지출내역!$E$5:$E$104,">0") -> 1
D7: 식비 | E7: =SUMIFS(지출내역!$E$5:$E$104,지출내역!$B$5:$B$104,D7) -> 311400 | F7: =IF($B$10=0,0,E7/$B$10) -> 0.20370249 | G7: =COUNTIFS(지출내역!$B$5:$B$104,D7,지출내역!$E$5:$E$104,">0") -> 8
A8: 월간 통계 | B8: 결과 | D8: 교통 | E8: =SUMIFS(지출내역!$E$5:$E$104,지출내역!$B$5:$B$104,D8) -> 134300 | F8: =IF($B$10=0,0,E8/$B$10) -> 0.087852424 | G8: =COUNTIFS(지출내역!$B$5:$B$104,D8,지출내역!$E$5:$E$104,">0") -> 3
A9: 총수입 | B9: =SUM(지출내역!$D$5:$D$104) -> 3200000 | D9: 통신 | E9: =SUMIFS(지출내역!$E$5:$E$104,지출내역!$B$5:$B$104,D9) -> 66000 | F9: =IF($B$10=0,0,E9/$B$10) -> 0.043173939 | G9: =COUNTIFS(지출내역!$B$5:$B$104,D9,지출내역!$E$5:$E$104,">0") -> 1
A10: 총지출 | B10: =SUM(지출내역!$E$5:$E$104) -> 1528700 | D10: 공과금 | E10: =SUMIFS(지출내역!$E$5:$E$104,지출내역!$B$5:$B$104,D10) -> 58500 | F10: =IF($B$10=0,0,E10/$B$10) -> 0.038267809 | G10: =COUNTIFS(지출내역!$B$5:$B$104,D10,지출내역!$E$5:$E$104,">0") -> 1
A11: 남은 금액 | B11: =B9-B10 -> 1671300 | D11: 보험 | E11: =SUMIFS(지출내역!$E$5:$E$104,지출내역!$B$5:$B$104,D11) -> 128000 | F11: =IF($B$10=0,0,E11/$B$10) -> 0.083731275 | G11: =COUNTIFS(지출내역!$B$5:$B$104,D11,지출내역!$E$5:$E$104,">0") -> 1
A12: 1건 평균 지출 | B12: =IF(B14=0,0,B10/B14) -> 66465.217 | D12: 의료 | E12: =SUMIFS(지출내역!$E$5:$E$104,지출내역!$B$5:$B$104,D12) -> 29800 | F12: =IF($B$10=0,0,E12/$B$10) -> 0.019493687 | G12: =COUNTIFS(지출내역!$B$5:$B$104,D12,지출내역!$E$5:$E$104,">0") -> 2
A13: 가장 큰 지출 | B13: =MAX(지출내역!$E$5:$E$104) -> 550000 | D13: 생활용품 | E13: =SUMIFS(지출내역!$E$5:$E$104,지출내역!$B$5:$B$104,D13) -> 61700 | F13: =IF($B$10=0,0,E13/$B$10) -> 0.040361091 | G13: =COUNTIFS(지출내역!$B$5:$B$104,D13,지출내역!$E$5:$E$104,">0") -> 2
A14: 지출 건수 | B14: =COUNTIFS(지출내역!$E$5:$E$104,">0") -> 23 | D14: 문화·여가 | E14: =SUMIFS(지출내역!$E$5:$E$104,지출내역!$B$5:$B$104,D14) -> 54000 | F14: =IF($B$10=0,0,E14/$B$10) -> 0.035324132 | G14: =COUNTIFS(지출내역!$B$5:$B$104,D14,지출내역!$E$5:$E$104,">0") -> 2
A15: 예산 사용률 | B15: =IF(B6=0,"n.a.",B10/B6) -> 1.0191333 | D15: 경조사 | E15: =SUMIFS(지출내역!$E$5:$E$104,지출내역!$B$5:$B$104,D15) -> 100000 | F15: =IF($B$10=0,0,E15/$B$10) -> 0.065415059 | G15: =COUNTIFS(지출내역!$B$5:$B$104,D15,지출내역!$E$5:$E$104,">0") -> 1
D16: 기타 | E16: =SUMIFS(지출내역!$E$5:$E$104,지출내역!$B$5:$B$104,D16) -> 35000 | F16: =IF($B$10=0,0,E16/$B$10) -> 0.02289527 | G16: =COUNTIFS(지출내역!$B$5:$B$104,D16,지출내역!$E$5:$E$104,">0") -> 1
A18: 사용한 함수 | B18: SUM | C18: MAX | D18: COUNTIFS | E18: SUMIFS | F18: IF | G18: 나누기

Sheet Sheet2
A3: 행 레이블 | B3: 합계 : 지출
A4: 건강보험 | B4: 128000
A5: 도서 구입 | B5: 24000
A6: 마트 장보기 | B6: 159200
A7: 미용실 | B7: 35000
A8: 버스 충전 | B8: 50000
A9: 병원 진료 | B9: 17500
A10: 세제와 휴지 | B10: 32800
A11: 시장 장보기 | B11: 47200
A12: 약국 | B12: 12300
A13: 영화 관람 | B13: 30000
A14: 외식 | B14: 80000
A15: 월급 | B15: 0
... A25: 총합계 | B25: 1528700

Sheet 지출내역
A2: 9월 생활비 입력 내역
A3: 노란색 셀의 내용을 바꾸거나 새 행을 추가하면 월간요약의 통계와 차트가 자동으로 바뀝니다.
A4: 날짜 | B4: 분류 | C4: 사용내역 | D4: 수입 | E4: 지출 | F4: 결제수단 | G4: 메모 | H4: 누적잔액
A5: 46266 | B5: 수입 | C5: 월급 | D5: 3200000 | E5: 0 | F5: 계좌이체 | H5: =IF(A5="","",SUM($D$5:D5)-SUM($E$5:E5)) -> 3200000
A6: 46266 | B6: 주거 | C6: 월세 | D6: 0 | E6: 550000 | F6: 계좌이체 | G6: 매월 고정 | H6: =IF(A6="","",SUM($D$5:D6)-SUM($E$5:E6)) -> 2650000
A7: 46267 | B7: 식비 | C7: 마트 장보기 | D7: 0 | E7: 86400 | F7: 카드 | H7: =IF(A7="","",SUM($D$5:D7)-SUM($E$5:E7)) -> 2563600
A8: 46268 | B8: 교통 | C8: 버스 충전 | D8: 0 | E8: 50000 | F8: 카드 | H8: =IF(A8="","",SUM($D$5:D8)-SUM($E$5:E8)) -> 2513600
A9: 46269 | B9: 통신 | C9: 휴대전화 요금 | D9: 0 | E9: 66000 | F9: 자동이체 | G9: 매월 고정 | H9: =IF(A9="","",SUM($D$5:D9)-SUM($E$5:E9)) -> 2447600
A10: 46270 | B10: 식비 | C10: 점심 식사 | D10: 0 | E10: 11000 | F10: 카드 | H10: =IF(A10="","",SUM($D$5:D10)-SUM($E$5:E10)) -> 2436600
A11: 46271 | B11: 생활용품 | C11: 세제와 휴지 | D11: 0 | E11: 32800 | F11: 카드 | H11: =IF(A11="","",SUM($D$5:D11)-SUM($E$5:E11)) -> 2403800
A12: 46273 | B12: 의료 | C12: 병원 진료 | D12: 0 | E12: 17500 | F12: 카드 | H12: =IF(A12="","",SUM($D$5:D12)-SUM($E$5:E12)) -> 2386300
A13: 46274 | B13: 식비 | C13: 시장 장보기 | D13: 0 | E13: 47200 | F13: 현금 | H13: =IF(A13="","",SUM($D$5:D13)-SUM($E$5:E13)) -> 2339100
A14: 46275 | B14: 문화·여가 | C14: 영화 관람 | D14: 0 | E14: 30000 | F14: 카드 | H14: =IF(A14="","",SUM($D$5:D14)-SUM($E$5:E14)) -> 2309100
A15: 46276 | B15: 식비 | C15: 커피 | D15: 0 | E15: 4500 | F15: 카드 | H15: =IF(A15="","",SUM($D$5:D15)-SUM($E$5:E15)) -> 2304600
A16: 46277 | B16: 공과금 | C16: 전기 요금 | D16: 0 | E16: 58500 | F16: 자동이체 | G16: 매월 고정 | H16: =IF(A16="","",SUM($D$5:D16)-SUM($E$5:E16)) -> 2246100
A17: 46278 | B17: 식비 | C17: 외식 | D17: 0 | E17: 42000 | F17: 카드 | H17: =IF(A17="","",SUM($D$5:D17)-SUM($E$5:E17)) -> 2204100
A18: 46280 | B18: 보험 | C18: 건강보험 | D18: 0 | E18: 128000 | F18: 자동이체 | G18: 매월 고정 | H18: =IF(A18="","",SUM($D$5:D18)-SUM($E$5:E18)) -> 2076100
A19: 46281 | B19: 교통 | C19: 택시 | D19: 0 | E19: 14300 | F19: 카드 | H19: =IF(A19="","",SUM($D$5:D19)-SUM($E$5:E19)) -> 2061800
A20: 46283 | B20: 식비 | C20: 마트 장보기 | D20: 0 | E20: 72800 | F20: 카드 | H20: =IF(A20="","",SUM($D$5:D20)-SUM($E$5:E20)) -> 1989000
A21: 46285 | B21: 경조사 | C21: 친구 결혼식 | D21: 0 | E21: 100000 | F21: 현금 | H21: =IF(A21="","",SUM($D$5:D21)-SUM($E$5:E21)) -> 1889000
A22: 46286 | B22: 문화·여가 | C22: 도서 구입 | D22: 0 | E22: 24000 | F22: 카드 | H22: =IF(A22="","",SUM($D$5:D22)-SUM($E$5:E22)) -> 1865000
A23: 46288 | B23: 식비 | C23: 점심 식사 | D23: 0 | E23: 9500 | F23: 카드 | H23: =IF(A23="","",SUM($D$5:D23)-SUM($E$5:E23)) -> 1855500
A24: 46289 | B24: 의료 | C24: 약국 | D24: 0 | E24: 12300 | F24: 카드 | H24: =IF(A24="","",SUM($D$5:D24)-SUM($E$5:E24)) -> 1843200
A25: 46290 | B25: 생활용품 | C25: 주방용품 | D25: 0 | E25: 28900 | F25: 카드 | H25: =IF(A25="","",SUM($D$5:D25)-SUM($E$5:E25)) -> 1814300
A26: 46292 | B26: 교통 | C26: 주유 | D26: 0 | E26: 70000 | F26: 카드 | H26: =IF(A26="","",SUM($D$5:D26)-SUM($E$5:E26)) -> 1744300
A27: 46293 | B27: 식비 | C27: 외식 | D27: 0 | E27: 38000 | F27: 카드 | H27: =IF(A27="","",SUM($D$5:D27)-SUM($E$5:E27)) -> 1706300
A28: 46295 | B28: 기타 | C28: 미용실 | D28: 0 | E28: 35000 | F28: 카드 | H28: =IF(A28="","",SUM($D$5:D28)-SUM($E$5:E28)) -> 1671300
H29: =IF(A29="","",SUM($D$5:D29)-SUM($E$5:E29))
H30: =IF(A30="","",SUM($D$5:D30)-SUM($E$5:E30))
H31: =IF(A31="","",SUM($D$5:D31)-SUM($E$5:E31))
H32: =IF(A32="","",SUM($D$5:D32)-SUM($E$5:E32))
H33: =IF(A33="","",SUM($D$5:D33)-SUM($E$5:E33))
H34: =IF(A34="","",SUM($D$5:D34)-SUM($E$5:E34))
