Workbook

Sheet 거래내역
A1: 소상공인 월간 매출정산
A2: 매출과 비용을 한 달 단위로 정리합니다.
A4: 일자 | B4: 구분 | C4: 분류 | D4: 내용 | E4: 결제수단 | F4: 수량 | G4: 단가 | H4: 매출 | I4: 비용 | J4: 순액
A5: 46174 | B5: 매출 | C5: 음료 | D5: 아메리카노 | E5: 카드 | F5: 42 | G5: 3200 | H5: =IF(B5="매출",F5*G5,0) | I5: 0 | J5: =H5-I5
A6: 46174 | B6: 매출 | C6: 간편식 | D6: 샌드위치 | E6: 현금 | F6: 24 | G6: 6500 | H6: =IF(B6="매출",F6*G6,0) | I6: 0 | J6: =H6-I6
A7: 46175 | B7: 비용 | C7: 식자재 | D7: 원두/우유 구입 | E7: 계좌이체 | F7: 1 | G7: 0 | H7: =IF(B7="매출",F7*G7,0) | I7: 185000 | J7: =H7-I7
A8: 46176 | B8: 매출 | C8: 음료 | D8: 카페라떼 | E8: 카드 | F8: 30 | G8: 4200 | H8: =IF(B8="매출",F8*G8,0) | I8: 0 | J8: =H8-I8
A9: 46177 | B9: 비용 | C9: 운영비 | D9: 소모품 구입 | E9: 카드 | F9: 1 | G9: 0 | H9: =IF(B9="매출",F9*G9,0) | I9: 76000 | J9: =H9-I9
A10: 46178 | B10: 매출 | C10: 상품 | D10: 원두 200g | E10: 계좌이체 | F10: 12 | G10: 12000 | H10: =IF(B10="매출",F10*G10,0) | I10: 0 | J10: =H10-I10
A11: 46181 | B11: 비용 | C11: 고정비 | D11: 임대료 | E11: 계좌이체 | F11: 1 | G11: 0 | H11: =IF(B11="매출",F11*G11,0) | I11: 850000 | J11: =H11-I11
A12: 46182 | B12: 매출 | C12: 간편식 | D12: 샐러드 | E12: 카드 | F12: 18 | G12: 7200 | H12: =IF(B12="매출",F12*G12,0) | I12: 0 | J12: =H12-I12
A13: 46183 | B13: 매출 | C13: 음료 | D13: 아메리카노 | E13: 카드 | F13: 50 | G13: 3200 | H13: =IF(B13="매출",F13*G13,0) | I13: 0 | J13: =H13-I13
A14: 46184 | B14: 비용 | C14: 고정비 | D14: 인건비 | E14: 계좌이체 | F14: 1 | G14: 0 | H14: =IF(B14="매출",F14*G14,0) | I14: 620000 | J14: =H14-I14

Sheet 요약
A1: 월간 요약
A2: 자주 쓰는 함수만 사용한 실무형 요약입니다.
A4: 항목 | B4: 값 | C4: 사용 기능
A5: 총매출 | B5: =SUM(거래내역!H5:H14) | C5: SUM
A6: 총비용 | B6: =SUM(거래내역!I5:I14) | C6: SUM
A7: 순이익 | B7: =B5-B6 | C7: SUM 결과 계산
A8: 거래건수 | B8: =COUNTA(거래내역!A5:A14) | C8: COUNTA
A9: 평균 순액 | B9: =AVERAGE(거래내역!J5:J14) | C9: AVERAGE
A11: 결제수단 | B11: 매출합계 | C11: 거래건수
A12: 카드 | B12: =SUMIF(거래내역!E5:E14,A12,거래내역!H5:H14) | C12: =COUNTIF(거래내역!E5:E14,A12)
A13: 현금 | B13: =SUMIF(거래내역!E5:E14,A13,거래내역!H5:H14) | C13: =COUNTIF(거래내역!E5:E14,A13)
A14: 계좌이체 | B14: =SUMIF(거래내역!E5:E14,A14,거래내역!H5:H14) | C14: =COUNTIF(거래내역!E5:E14,A14)

Sheet 미수금관리
A1: 미수금 관리
A2: 정렬과 필터로 입금확인 대상을 찾습니다.
A4: 거래처 | B4: 청구액 | C4: 입금액 | D4: 미수금 | E4: 납부예정일 | F4: 상태 | G4: 메모
A5: 서울푸드 | B5: 430000 | C5: 430000 | D5: =B5-C5 | E5: 46183 | F5: =IF(D5>0,"입금확인","완료")
A6: 한빛문구 | B6: 230000 | C6: 180000 | D6: =B6-C6 | E6: 46185 | F6: =IF(D6>0,"입금확인","완료")
A7: 미래유통 | B7: 520000 | C7: 300000 | D7: =B7-C7 | E7: 46188 | F7: =IF(D7>0,"입금확인","완료")
A8: 도담상회 | B8: 98000 | C8: 98000 | D8: =B8-C8 | E8: 46181 | F8: =IF(D8>0,"입금확인","완료")

Sheet 재고관리
A1: 재고 관리
A2: 조건부 서식으로 부족한 품목을 확인합니다.
A4: 품목 | B4: 현재재고 | C4: 안전재고 | D4: 차이 | E4: 상태 | F4: 발주메모
A5: 아메리카노 원두 | B5: 8 | C5: 10 | D5: =B5-C5 | E5: =IF(B5<C5,"보충필요","정상")
A6: 우유 | B6: 14 | C6: 12 | D6: =B6-C6 | E6: =IF(B6<C6,"보충필요","정상")
A7: 샌드위치 포장지 | B7: 45 | C7: 50 | D7: =B7-C7 | E7: =IF(B7<C7,"보충필요","정상")
A8: 원두 200g | B8: 6 | C8: 10 | D8: =B8-C8 | E8: =IF(B8<C8,"보충필요","정상")
