Workbook

Sheet 가계부
A1: 우리집 월간 가계부
A2: 수입과 지출을 한 달 단위로 정리합니다.
A4: 날짜 | B4: 구분 | C4: 항목 | D4: 내용 | E4: 결제수단 | F4: 수입 | G4: 지출 | H4: 메모 | I4: 확인
A5: 46174 | B5: 수입 | C5: 급여 | D5: 월급 | E5: 계좌이체 | F5: 2600000 | G5: 0 | I5: =IF(G5>=100000,"큰지출","")
A6: 46174 | B6: 지출 | C6: 주거 | D6: 월세/관리비 | E6: 계좌이체 | F6: 0 | G6: 650000 | H6: 고정비 | I6: =IF(G6>=100000,"큰지출","")
A7: 46175 | B7: 지출 | C7: 식비 | D7: 마트 장보기 | E7: 카드 | F7: 0 | G7: 86400 | I7: =IF(G7>=100000,"큰지출","")
A8: 46176 | B8: 지출 | C8: 교통 | D8: 교통카드 충전 | E8: 카드 | F8: 0 | G8: 50000 | I8: =IF(G8>=100000,"큰지출","")
A9: 46178 | B9: 지출 | C9: 통신 | D9: 휴대폰 요금 | E9: 계좌이체 | F9: 0 | G9: 69000 | H9: 고정비 | I9: =IF(G9>=100000,"큰지출","")
A10: 46179 | B10: 지출 | C10: 식비 | D10: 외식 | E10: 카드 | F10: 0 | G10: 42000 | I10: =IF(G10>=100000,"큰지출","")
A11: 46181 | B11: 지출 | C11: 의료 | D11: 병원/약국 | E11: 카드 | F11: 0 | G11: 31500 | I11: =IF(G11>=100000,"큰지출","")
A12: 46183 | B12: 수입 | C12: 기타수입 | D12: 중고거래 | E12: 현금 | F12: 70000 | G12: 0 | I12: =IF(G12>=100000,"큰지출","")
A13: 46185 | B13: 지출 | C13: 생활용품 | D13: 세제/휴지 | E13: 카드 | F13: 0 | G13: 38400 | I13: =IF(G13>=100000,"큰지출","")
A14: 46188 | B14: 지출 | C14: 보험 | D14: 보험료 | E14: 계좌이체 | F14: 0 | G14: 145000 | H14: 고정비 | I14: =IF(G14>=100000,"큰지출","")
A15: 46191 | B15: 지출 | C15: 식비 | D15: 마트 장보기 | E15: 카드 | F15: 0 | G15: 72300 | I15: =IF(G15>=100000,"큰지출","")
A16: 46193 | B16: 지출 | C16: 문화 | D16: 영화/도서 | E16: 카드 | F16: 0 | G16: 28000 | I16: =IF(G16>=100000,"큰지출","")
A17: 46195 | B17: 지출 | C17: 경조사 | D17: 축의금 | E17: 현금 | F17: 0 | G17: 100000 | I17: =IF(G17>=100000,"큰지출","")
A18: 46198 | B18: 지출 | C18: 식비 | D18: 외식 | E18: 카드 | F18: 0 | G18: 55000 | I18: =IF(G18>=100000,"큰지출","")
A19: 46201 | B19: 지출 | C19: 기타 | D19: 예비비 사용 | E19: 현금 | F19: 0 | G19: 30000 | I19: =IF(G19>=100000,"큰지출","")

Sheet 월간요약
A1: 월간 요약
A2: 가계부에서 가장 자주 확인하는 숫자입니다.
A4: 항목 | B4: 값 | C4: 사용 기능
A5: 총수입 | B5: =SUM(가계부!F5:F19) | C5: SUM
A6: 총지출 | B6: =SUM(가계부!G5:G19) | C6: SUM
A7: 남은돈 | B7: =B5-B6 | C7: 수입-지출
A8: 지출건수 | B8: =COUNTIF(가계부!B5:B19,"지출") | C8: COUNTIF
A9: 하루 평균 지출 | B9: =B6/30 | C9: 나누기
A10: 저축 가능 여부 | B10: =IF(B7>=300000,"가능","조정필요") | C10: IF
A12: 결제수단 | B12: 지출합계 | C12: 건수
A13: 카드 | B13: =SUMIF(가계부!E5:E19,A13,가계부!G5:G19) | C13: =COUNTIF(가계부!E5:E19,A13)
A14: 현금 | B14: =SUMIF(가계부!E5:E19,A14,가계부!G5:G19) | C14: =COUNTIF(가계부!E5:E19,A14)
A15: 계좌이체 | B15: =SUMIF(가계부!E5:E19,A15,가계부!G5:G19) | C15: =COUNTIF(가계부!E5:E19,A15)

Sheet 항목별예산
A1: 항목별 예산 확인
A2: SUMIF와 IF로 예산 초과 항목을 찾습니다.
A4: 항목 | B4: 예산 | C4: 실제지출 | D4: 차이 | E4: 판정 | F4: 메모
A5: 식비 | B5: 230000 | C5: =SUMIF(가계부!C5:C19,A5,가계부!G5:G19) | D5: =B5-C5 | E5: =IF(C5>B5,"예산초과","정상")
A6: 주거 | B6: 650000 | C6: =SUMIF(가계부!C5:C19,A6,가계부!G5:G19) | D6: =B6-C6 | E6: =IF(C6>B6,"예산초과","정상")
A7: 교통 | B7: 70000 | C7: =SUMIF(가계부!C5:C19,A7,가계부!G5:G19) | D7: =B7-C7 | E7: =IF(C7>B7,"예산초과","정상")
A8: 통신 | B8: 70000 | C8: =SUMIF(가계부!C5:C19,A8,가계부!G5:G19) | D8: =B8-C8 | E8: =IF(C8>B8,"예산초과","정상")
A9: 의료 | B9: 50000 | C9: =SUMIF(가계부!C5:C19,A9,가계부!G5:G19) | D9: =B9-C9 | E9: =IF(C9>B9,"예산초과","정상")
A10: 생활용품 | B10: 60000 | C10: =SUMIF(가계부!C5:C19,A10,가계부!G5:G19) | D10: =B10-C10 | E10: =IF(C10>B10,"예산초과","정상")
A11: 보험 | B11: 150000 | C11: =SUMIF(가계부!C5:C19,A11,가계부!G5:G19) | D11: =B11-C11 | E11: =IF(C11>B11,"예산초과","정상")
A12: 문화 | B12: 50000 | C12: =SUMIF(가계부!C5:C19,A12,가계부!G5:G19) | D12: =B12-C12 | E12: =IF(C12>B12,"예산초과","정상")
A13: 경조사 | B13: 80000 | C13: =SUMIF(가계부!C5:C19,A13,가계부!G5:G19) | D13: =B13-C13 | E13: =IF(C13>B13,"예산초과","정상")
A14: 기타 | B14: 50000 | C14: =SUMIF(가계부!C5:C19,A14,가계부!G5:G19) | D14: =B14-C14 | E14: =IF(C14>B14,"예산초과","정상")

Sheet 실습순서
A1: 실습 순서
A2: 수업 시간에 이 순서대로 진행합니다.
A4: 순서 | B4: 할 일 | C4: 확인
A5: 1 | B5: 가계부 시트에서 수입과 지출 입력 구조를 확인합니다.
A6: 2 | B6: 월간요약 시트에서 총수입, 총지출, 남은돈 수식을 확인합니다.
A7: 3 | B7: 항목별예산 시트에서 식비, 주거, 교통비 합계를 확인합니다.
A8: 4 | B8: 예산초과 항목을 조건부 서식 색으로 찾습니다.
A9: 5 | B9: 가계부 시트 필터로 카드 지출만 확인합니다.
A10: 6 | B10: 가계부 시트에서 지출액 큰 순서로 정렬합니다.
