Workbook

Sheet 재고현황
A1: 재고 관리표
A2: 현재 재고와 안전재고를 비교해 발주 필요 품목을 찾습니다.
A4: 품목코드 | B4: 품목명 | C4: 분류 | D4: 기초재고 | E4: 입고수량 | F4: 출고수량 | G4: 현재재고 | H4: 안전재고 | I4: 단가 | J4: 재고금액 | K4: 상태
A5: P-001 | B5: 원두 1kg | C5: 원재료 | D5: 12 | E5: 20 | F5: 26 | G5: =D5+E5-F5 | H5: 10 | I5: 18500 | J5: =G5*I5 | K5: =IF(G5<H5,"발주필요","정상")
A6: P-002 | B6: 우유 1L | C6: 원재료 | D6: 30 | E6: 50 | F6: 58 | G6: =D6+E6-F6 | H6: 15 | I6: 2500 | J6: =G6*I6 | K6: =IF(G6<H6,"발주필요","정상")
A7: P-003 | B7: 종이컵 | C7: 소모품 | D7: 600 | E7: 1000 | F7: 1280 | G7: =D7+E7-F7 | H7: 300 | I7: 55 | J7: =G7*I7 | K7: =IF(G7<H7,"발주필요","정상")
A8: P-004 | B8: 포장봉투 | C8: 소모품 | D8: 450 | E8: 500 | F8: 720 | G8: =D8+E8-F8 | H8: 250 | I8: 80 | J8: =G8*I8 | K8: =IF(G8<H8,"발주필요","정상")
A9: P-005 | B9: 샌드위치 포장지 | C9: 소모품 | D9: 180 | E9: 300 | F9: 410 | G9: =D9+E9-F9 | H9: 120 | I9: 120 | J9: =G9*I9 | K9: =IF(G9<H9,"발주필요","정상")
A10: P-006 | B10: 머그컵 | C10: 상품 | D10: 24 | E10: 20 | F10: 31 | G10: =D10+E10-F10 | H10: 10 | I10: 5200 | J10: =G10*I10 | K10: =IF(G10<H10,"발주필요","정상")
A11: P-007 | B11: 원두 200g | C11: 상품 | D11: 18 | E11: 30 | F11: 39 | G11: =D11+E11-F11 | H11: 12 | I11: 7200 | J11: =G11*I11 | K11: =IF(G11<H11,"발주필요","정상")
A12: P-008 | B12: 영수증 용지 | C12: 소모품 | D12: 8 | E12: 10 | F12: 14 | G12: =D12+E12-F12 | H12: 8 | I12: 960 | J12: =G12*I12 | K12: =IF(G12<H12,"발주필요","정상")

Sheet 입출고기록
A1: 입출고 기록
A2: 입고와 출고 내역을 날짜순으로 기록합니다.
A4: 날짜 | B4: 구분 | C4: 품목코드 | D4: 품목명 | E4: 수량 | F4: 담당자 | G4: 거래처/사용처 | H4: 메모
A5: 46174 | B5: 입고 | C5: P-001 | D5: 원두 1kg | E5: 20 | F5: 김지훈 | G5: 서울푸드
A6: 46174 | B6: 출고 | C6: P-003 | D6: 종이컵 | E6: 400 | F6: 박선영 | G6: 매장사용
A7: 46175 | B7: 입고 | C7: P-002 | D7: 우유 1L | E7: 50 | F7: 김지훈 | G7: 삼익식품
A8: 46176 | B8: 출고 | C8: P-001 | D8: 원두 1kg | E8: 10 | F8: 이민호 | G8: 매장사용
A9: 46177 | B9: 출고 | C9: P-004 | D9: 포장봉투 | E9: 240 | F9: 박선영 | G9: 포장사용
A10: 46178 | B10: 입고 | C10: P-006 | D10: 머그컵 | E10: 20 | F10: 김지훈 | G10: 에이스비품
A11: 46181 | B11: 출고 | C11: P-007 | D11: 원두 200g | E11: 18 | F11: 이민호 | G11: 판매
A12: 46182 | B12: 출고 | C12: P-008 | D12: 영수증 용지 | E12: 6 | F12: 박선영 | G12: 매장사용

Sheet 요약
A1: 재고 요약
A2: 발주 대상과 재고금액을 한눈에 확인합니다.
A4: 항목 | B4: 값 | C4: 사용 기능
A5: 전체 재고금액 | B5: =SUM(재고현황!J5:J12) | C5: SUM
A6: 발주필요 품목 수 | B6: =COUNTIF(재고현황!K5:K12,"발주필요") | C6: COUNTIF
A7: 가장 적은 현재재고 | B7: =MIN(재고현황!G5:G12) | C7: MIN
A8: 전체 입고수량 | B8: =SUM(재고현황!E5:E12) | C8: SUM
A9: 전체 출고수량 | B9: =SUM(재고현황!F5:F12) | C9: SUM
A11: 분류 | B11: 재고금액 | C11: 품목수
A12: 원재료 | B12: =SUMIF(재고현황!C5:C12,A12,재고현황!J5:J12) | C12: =COUNTIF(재고현황!C5:C12,A12)
A13: 소모품 | B13: =SUMIF(재고현황!C5:C12,A13,재고현황!J5:J12) | C13: =COUNTIF(재고현황!C5:C12,A13)
A14: 상품 | B14: =SUMIF(재고현황!C5:C12,A14,재고현황!J5:J12) | C14: =COUNTIF(재고현황!C5:C12,A14)

Sheet 발주목록
A1: 발주 목록
A2: 발주필요 품목을 옮겨 적고 주문 수량을 결정합니다.
A4: 품목코드 | B4: 품목명 | C4: 현재재고 | D4: 안전재고 | E4: 부족수량 | F4: 권장발주 | G4: 거래처 | H4: 처리
A5: P-001 | B5: 원두 1kg | C5: =재고현황!G5 | D5: =재고현황!H5 | E5: =D5-C5 | F5: =IF(E5>0,E5+10,0) | G5: 서울푸드
A6: P-004 | B6: 포장봉투 | C6: =재고현황!G8 | D6: =재고현황!H8 | E6: =D6-C6 | F6: =IF(E6>0,E6+10,0) | G6: 정다운상사
A7: P-005 | B7: 샌드위치 포장지 | C7: =재고현황!G9 | D7: =재고현황!H9 | E7: =D7-C7 | F7: =IF(E7>0,E7+10,0) | G7: 에이스비품
A8: P-008 | B8: 영수증 용지 | C8: =재고현황!G12 | D8: =재고현황!H12 | E8: =D8-C8 | F8: =IF(E8>0,E8+10,0) | G8: 에이스비품

Sheet 실습순서
A1: 실습 순서
A2: 수업 시간에 이 순서대로 진행합니다.
A4: 순서 | B4: 할 일 | C4: 확인
A5: 1 | B5: 재고현황 시트에서 현재재고 수식을 확인합니다.
A6: 2 | B6: 상태 열의 IF 수식으로 발주필요 여부를 확인합니다.
A7: 3 | B7: 필터로 발주필요 품목만 봅니다.
A8: 4 | B8: 현재재고가 적은 순서로 정렬합니다.
A9: 5 | B9: 요약 시트에서 전체 재고금액과 발주필요 품목 수를 확인합니다.
A10: 6 | B10: 발주목록 시트에서 권장발주 수량을 확인합니다.
