Workbook

Sheet 판매요약
A2: 농산물 판매 현황
A3: 판매기록을 품목별로 묶어 판매량·매출액·비중·판매 건수·평균단가를 집계했습니다.
A5: 전체 판매 통계 | B5: 결과 | D5: 품목 | E5: 판매량(kg) | F5: 매출액 | G5: 매출 비중 | H5: 판매 건수 | I5: 평균단가
A6: 총 판매량(kg) | B6: =SUM(판매기록!$D$5:$D$104) -> 2313 | D6: 토마토 | E6: =SUMIFS(판매기록!$D$5:$D$104,판매기록!$B$5:$B$104,D6) -> 430 | F6: =SUMIFS(판매기록!$F$5:$F$104,판매기록!$B$5:$B$104,D6) -> 1688500 | G6: =IF($B$7=0,0,F6/$B$7) -> 0.19629612 | H6: =COUNTIFS(판매기록!$B$5:$B$104,D6,판매기록!$F$5:$F$104,">0") -> 4 | I6: =IF(E6=0,0,F6/E6) -> 3926.7442
A7: 총 매출액 | B7: =SUM(판매기록!$F$5:$F$104) -> 8601800 | D7: 딸기 | E7: =SUMIFS(판매기록!$D$5:$D$104,판매기록!$B$5:$B$104,D7) -> 125 | F7: =SUMIFS(판매기록!$F$5:$F$104,판매기록!$B$5:$B$104,D7) -> 1444000 | G7: =IF($B$7=0,0,F7/$B$7) -> 0.16787184 | H7: =COUNTIFS(판매기록!$B$5:$B$104,D7,판매기록!$F$5:$F$104,">0") -> 4 | I7: =IF(E7=0,0,F7/E7) -> 11552
A8: 수금액 | B8: =SUM(판매기록!$H$5:$H$104) -> 8243800 | D8: 오이 | E8: =SUMIFS(판매기록!$D$5:$D$104,판매기록!$B$5:$B$104,D8) -> 373 | F8: =SUMIFS(판매기록!$F$5:$F$104,판매기록!$B$5:$B$104,D8) -> 1027500 | G8: =IF($B$7=0,0,F8/$B$7) -> 0.11945174 | H8: =COUNTIFS(판매기록!$B$5:$B$104,D8,판매기록!$F$5:$F$104,">0") -> 4 | I8: =IF(E8=0,0,F8/E8) -> 2754.6917
A9: 미수금 | B9: =SUM(판매기록!$I$5:$I$104) -> 358000 | D9: 상추 | E9: =SUMIFS(판매기록!$D$5:$D$104,판매기록!$B$5:$B$104,D9) -> 175 | F9: =SUMIFS(판매기록!$F$5:$F$104,판매기록!$B$5:$B$104,D9) -> 604300 | G9: =IF($B$7=0,0,F9/$B$7) -> 0.070252738 | H9: =COUNTIFS(판매기록!$B$5:$B$104,D9,판매기록!$F$5:$F$104,">0") -> 4 | I9: =IF(E9=0,0,F9/E9) -> 3453.1429
A10: 건당 평균 매출 | B10: =IF(COUNTIFS(판매기록!$F$5:$F$104,">0")=0,0,B7/COUNTIFS(판매기록!$F$5:$F$104,">0")) -> 318585.19 | D10: 파프리카 | E10: =SUMIFS(판매기록!$D$5:$D$104,판매기록!$B$5:$B$104,D10) -> 250 | F10: =SUMIFS(판매기록!$F$5:$F$104,판매기록!$B$5:$B$104,D10) -> 1628000 | G10: =IF($B$7=0,0,F10/$B$7) -> 0.18926271 | H10: =COUNTIFS(판매기록!$B$5:$B$104,D10,판매기록!$F$5:$F$104,">0") -> 4 | I10: =IF(E10=0,0,F10/E10) -> 6512
A11: 최고 판매액 | B11: =MAX(판매기록!$F$5:$F$104) -> 504000 | D11: 감자 | E11: =SUMIFS(판매기록!$D$5:$D$104,판매기록!$B$5:$B$104,D11) -> 595 | F11: =SUMIFS(판매기록!$F$5:$F$104,판매기록!$B$5:$B$104,D11) -> 1159500 | G11: =IF($B$7=0,0,F11/$B$7) -> 0.13479737 | H11: =COUNTIFS(판매기록!$B$5:$B$104,D11,판매기록!$F$5:$F$104,">0") -> 4 | I11: =IF(E11=0,0,F11/E11) -> 1948.7395
A12: 완납률 | B12: =IF(COUNTIFS(판매기록!$F$5:$F$104,">0")=0,0,COUNTIFS(판매기록!$J$5:$J$104,"완료")/COUNTIFS(판매기록!$F$5:$F$104,">0")) -> 0.81481481 | D12: 고구마 | E12: =SUMIFS(판매기록!$D$5:$D$104,판매기록!$B$5:$B$104,D12) -> 365 | F12: =SUMIFS(판매기록!$F$5:$F$104,판매기록!$B$5:$B$104,D12) -> 1050000 | G12: =IF($B$7=0,0,F12/$B$7) -> 0.12206747 | H12: =COUNTIFS(판매기록!$B$5:$B$104,D12,판매기록!$F$5:$F$104,">0") -> 3 | I12: =IF(E12=0,0,F12/E12) -> 2876.7123
A15: 사용한 계산 | B15: 수량×단가 | C15: SUM | D15: SUMIFS | E15: COUNTIFS | F15: MAX | G15: IF | H15: 비중 | I15: 평균단가

Sheet 판매기록
A2: 농산물 판매 기록
A3: 노란색 셀에 판매 내용을 입력하면 판매금액·미수금·결제상태와 판매요약이 자동으로 계산됩니다.
A4: 판매일 | B4: 품목 | C4: 등급 | D4: 수량(kg) | E4: 단가(원/kg) | F4: 판매금액 | G4: 판매처 | H4: 수금액 | I4: 미수금 | J4: 결제상태 | K4: 결제수단 | L4: 비고
A5: 46266 | B5: 토마토 | C5: 특 | D5: 120 | E5: 4200 | F5: =IF(OR(D5="",E5=""),"",D5*E5) -> 504000 | G5: 광주로컬마트 | H5: 504000 | I5: =IF(F5="","",F5-H5) -> 0 | J5: =IF(F5="","",IF(I5<=0,"완료","미수")) -> 완료 | K5: 계좌이체
A6: 46267 | B6: 상추 | C6: 상 | D6: 45 | E6: 3500 | F6: =IF(OR(D6="",E6=""),"",D6*E6) -> 157500 | G6: 한마음식당 | H6: 157500 | I6: =IF(F6="","",F6-H6) -> 0 | J6: =IF(F6="","",IF(I6<=0,"완료","미수")) -> 완료 | K6: 현금
A7: 46268 | B7: 오이 | C7: 상 | D7: 80 | E7: 2800 | F7: =IF(OR(D7="",E7=""),"",D7*E7) -> 224000 | G7: 농협공판장 | H7: 224000 | I7: =IF(F7="","",F7-H7) -> 0 | J7: =IF(F7="","",IF(I7<=0,"완료","미수")) -> 완료 | K7: 계좌이체
A8: 46269 | B8: 딸기 | C8: 특 | D8: 35 | E8: 12000 | F8: =IF(OR(D8="",E8=""),"",D8*E8) -> 420000 | G8: 온라인주문 | H8: 420000 | I8: =IF(F8="","",F8-H8) -> 0 | J8: =IF(F8="","",IF(I8<=0,"완료","미수")) -> 완료 | K8: 카드 | L8: 택배
A9: 46270 | B9: 감자 | C9: 보통 | D9: 150 | E9: 1800 | F9: =IF(OR(D9="",E9=""),"",D9*E9) -> 270000 | G9: 광주로컬마트 | H9: 200000 | I9: =IF(F9="","",F9-H9) -> 70000 | J9: =IF(F9="","",IF(I9<=0,"완료","미수")) -> 미수 | K9: 계좌이체 | L9: 일부 미수
A10: 46271 | B10: 파프리카 | C10: 상 | D10: 60 | E10: 6200 | F10: =IF(OR(D10="",E10=""),"",D10*E10) -> 372000 | G10: 한마음식당 | H10: 372000 | I10: =IF(F10="","",F10-H10) -> 0 | J10: =IF(F10="","",IF(I10<=0,"완료","미수")) -> 완료 | K10: 계좌이체
A11: 46272 | B11: 고구마 | C11: 상 | D11: 100 | E11: 3000 | F11: =IF(OR(D11="",E11=""),"",D11*E11) -> 300000 | G11: 직거래장터 | H11: 300000 | I11: =IF(F11="","",F11-H11) -> 0 | J11: =IF(F11="","",IF(I11<=0,"완료","미수")) -> 완료 | K11: 현금
A12: 46274 | B12: 토마토 | C12: 상 | D12: 90 | E12: 3800 | F12: =IF(OR(D12="",E12=""),"",D12*E12) -> 342000 | G12: 농협공판장 | H12: 342000 | I12: =IF(F12="","",F12-H12) -> 0 | J12: =IF(F12="","",IF(I12<=0,"완료","미수")) -> 완료 | K12: 계좌이체
A13: 46275 | B13: 상추 | C13: 상 | D13: 38 | E13: 3700 | F13: =IF(OR(D13="",E13=""),"",D13*E13) -> 140600 | G13: 광주로컬마트 | H13: 140600 | I13: =IF(F13="","",F13-H13) -> 0 | J13: =IF(F13="","",IF(I13<=0,"완료","미수")) -> 완료 | K13: 카드
A14: 46276 | B14: 오이 | C14: 보통 | D14: 110 | E14: 2400 | F14: =IF(OR(D14="",E14=""),"",D14*E14) -> 264000 | G14: 직거래장터 | H14: 264000 | I14: =IF(F14="","",F14-H14) -> 0 | J14: =IF(F14="","",IF(I14<=0,"완료","미수")) -> 완료 | K14: 현금
A15: 46277 | B15: 딸기 | C15: 상 | D15: 28 | E15: 10500 | F15: =IF(OR(D15="",E15=""),"",D15*E15) -> 294000 | G15: 온라인주문 | H15: 294000 | I15: =IF(F15="","",F15-H15) -> 0 | J15: =IF(F15="","",IF(I15<=0,"완료","미수")) -> 완료 | K15: 카드 | L15: 택배
A16: 46278 | B16: 감자 | C16: 상 | D16: 130 | E16: 2100 | F16: =IF(OR(D16="",E16=""),"",D16*E16) -> 273000 | G16: 한마음식당 | H16: 273000 | I16: =IF(F16="","",F16-H16) -> 0 | J16: =IF(F16="","",IF(I16<=0,"완료","미수")) -> 완료 | K16: 계좌이체
A17: 46279 | B17: 파프리카 | C17: 특 | D17: 55 | E17: 6800 | F17: =IF(OR(D17="",E17=""),"",D17*E17) -> 374000 | G17: 광주로컬마트 | H17: 300000 | I17: =IF(F17="","",F17-H17) -> 74000 | J17: =IF(F17="","",IF(I17<=0,"완료","미수")) -> 미수 | K17: 계좌이체 | L17: 일부 미수
A18: 46280 | B18: 고구마 | C18: 보통 | D18: 140 | E18: 2500 | F18: =IF(OR(D18="",E18=""),"",D18*E18) -> 350000 | G18: 농협공판장 | H18: 350000 | I18: =IF(F18="","",F18-H18) -> 0 | J18: =IF(F18="","",IF(I18<=0,"완료","미수")) -> 완료 | K18: 계좌이체
A19: 46282 | B19: 토마토 | C19: 특 | D19: 105 | E19: 4300 | F19: =IF(OR(D19="",E19=""),"",D19*E19) -> 451500 | G19: 온라인주문 | H19: 451500 | I19: =IF(F19="","",F19-H19) -> 0 | J19: =IF(F19="","",IF(I19<=0,"완료","미수")) -> 완료 | K19: 카드
A20: 46283 | B20: 상추 | C20: 보통 | D20: 50 | E20: 3100 | F20: =IF(OR(D20="",E20=""),"",D20*E20) -> 155000 | G20: 직거래장터 | H20: 155000 | I20: =IF(F20="","",F20-H20) -> 0 | J20: =IF(F20="","",IF(I20<=0,"완료","미수")) -> 완료 | K20: 현금
A21: 46284 | B21: 오이 | C21: 상 | D21: 95 | E21: 2900 | F21: =IF(OR(D21="",E21=""),"",D21*E21) -> 275500 | G21: 광주로컬마트 | H21: 275500 | I21: =IF(F21="","",F21-H21) -> 0 | J21: =IF(F21="","",IF(I21<=0,"완료","미수")) -> 완료 | K21: 계좌이체
A22: 46285 | B22: 딸기 | C22: 특 | D22: 32 | E22: 12500 | F22: =IF(OR(D22="",E22=""),"",D22*E22) -> 400000 | G22: 온라인주문 | H22: 300000 | I22: =IF(F22="","",F22-H22) -> 100000 | J22: =IF(F22="","",IF(I22<=0,"완료","미수")) -> 미수 | K22: 카드 | L22: 일부 미수
A23: 46286 | B23: 감자 | C23: 보통 | D23: 170 | E23: 1750 | F23: =IF(OR(D23="",E23=""),"",D23*E23) -> 297500 | G23: 농협공판장 | H23: 297500 | I23: =IF(F23="","",F23-H23) -> 0 | J23: =IF(F23="","",IF(I23<=0,"완료","미수")) -> 완료 | K23: 계좌이체
A24: 46287 | B24: 파프리카 | C24: 상 | D24: 70 | E24: 6100 | F24: =IF(OR(D24="",E24=""),"",D24*E24) -> 427000 | G24: 한마음식당 | H24: 427000 | I24: =IF(F24="","",F24-H24) -> 0 | J24: =IF(F24="","",IF(I24<=0,"완료","미수")) -> 완료 | K24: 계좌이체
A25: 46288 | B25: 고구마 | C25: 상 | D25: 125 | E25: 3200 | F25: =IF(OR(D25="",E25=""),"",D25*E25) -> 400000 | G25: 직거래장터 | H25: 350000 | I25: =IF(F25="","",F25-H25) -> 50000 | J25: =IF(F25="","",IF(I25<=0,"완료","미수")) -> 미수 | K25: 현금 | L25: 일부 미수
A26: 46290 | B26: 토마토 | C26: 보통 | D26: 115 | E26: 3400 | F26: =IF(OR(D26="",E26=""),"",D26*E26) -> 391000 | G26: 농협공판장 | H26: 391000 | I26: =IF(F26="","",F26-H26) -> 0 | J26: =IF(F26="","",IF(I26<=0,"완료","미수")) -> 완료 | K26: 계좌이체
A27: 46291 | B27: 상추 | C27: 상 | D27: 42 | E27: 3600 | F27: =IF(OR(D27="",E27=""),"",D27*E27) -> 151200 | G27: 광주로컬마트 | H27: 151200 | I27: =IF(F27="","",F27-H27) -> 0 | J27: =IF(F27="","",IF(I27<=0,"완료","미수")) -> 완료 | K27: 카드
A28: 46292 | B28: 오이 | C28: 상 | D28: 88 | E28: 3000 | F28: =IF(OR(D28="",E28=""),"",D28*E28) -> 264000 | G28: 한마음식당 | H28: 200000 | I28: =IF(F28="","",F28-H28) -> 64000 | J28: =IF(F28="","",IF(I28<=0,"완료","미수")) -> 미수 | K28: 계좌이체 | L28: 일부 미수
A29: 46293 | B29: 딸기 | C29: 상 | D29: 30 | E29: 11000 | F29: =IF(OR(D29="",E29=""),"",D29*E29) -> 330000 | G29: 온라인주문 | H29: 330000 | I29: =IF(F29="","",F29-H29) -> 0 | J29: =IF(F29="","",IF(I29<=0,"완료","미수")) -> 완료 | K29: 카드 | L29: 택배
A30: 46294 | B30: 감자 | C30: 상 | D30: 145 | E30: 2200 | F30: =IF(OR(D30="",E30=""),"",D30*E30) -> 319000 | G30: 직거래장터 | H30: 319000 | I30: =IF(F30="","",F30-H30) -> 0 | J30: =IF(F30="","",IF(I30<=0,"완료","미수")) -> 완료 | K30: 현금
A31: 46295 | B31: 파프리카 | C31: 특 | D31: 65 | E31: 7000 | F31: =IF(OR(D31="",E31=""),"",D31*E31) -> 455000 | G31: 광주로컬마트 | H31: 455000 | I31: =IF(F31="","",F31-H31) -> 0 | J31: =IF(F31="","",IF(I31<=0,"완료","미수")) -> 완료 | K31: 계좌이체
F32: =IF(OR(D32="",E32=""),"",D32*E32) | I32: =IF(F32="","",F32-H32) | J32: =IF(F32="","",IF(I32<=0,"완료","미수"))
F33: =IF(OR(D33="",E33=""),"",D33*E33) | I33: =IF(F33="","",F33-H33) | J33: =IF(F33="","",IF(I33<=0,"완료","미수"))
F34: =IF(OR(D34="",E34=""),"",D34*E34) | I34: =IF(F34="","",F34-H34) | J34: =IF(F34="","",IF(I34<=0,"완료","미수"))
F35: =IF(OR(D35="",E35=""),"",D35*E35) | I35: =IF(F35="","",F35-H35) | J35: =IF(F35="","",IF(I35<=0,"완료","미수"))
F36: =IF(OR(D36="",E36=""),"",D36*E36) | I36: =IF(F36="","",F36-H36) | J36: =IF(F36="","",IF(I36<=0,"완료","미수"))
F37: =IF(OR(D37="",E37=""),"",D37*E37) | I37: =IF(F37="","",F37-H37) | J37: =IF(F37="","",IF(I37<=0,"완료","미수"))

Sheet Sheet1
